Name,Current favorites,,
13 Dead End Drive,,,
221b Baker Street,,,
7Wonders,,,
Abandon All Artichokes,,,
Betrayal at House on the Hill,Large group,"Group works against a single player in scenarios, ghosts and ghouls etc. Many scenarios to choose from.",
Bing-oh!,,,
Chrononauts,,,
Claim (4 versions),,,
Clank!,,,
Flamecraft,Worker placement and resource management,Acquire dragons with different abilities by going to shops in town to purchase resources. Cute.,
Flinch,,,
Flip City,,,
In the Footsteps of Marie Curie,,,
Old Maid,,,
On the Dot,,,
One Night Werewolf,,,
RoboChamp,,,
Squirmish,,,
Steampunk Rally Fusion,,,
Stipulations,,,
Turing Machine,Logic and computing,Use logic rules and tests to deduce a pattern before anyone else. Requires advanced logic skills.,
Tutti Quantum,,,
Zigity,,,
